País,Janeiro,Fevereiro,Março,Abril,Maio,Junho,Julho,Agosto,Setembro,Outubro,Novembro,Dezembro,Ano,Continente
África do Sul,363,203,103,85,38,442,474,323,488,151,227,115,2006,África
Angola,1639,1113,1208,1501,940,966,1037,3910,1528,3052,2299,2413,2006,África
Cabo Verde,221,286,212,103,301,326,274,187,153,115,106,123,2006,África
Nigéria,22,7,35,0,18,8,8,44,91,0,0,0,2006,África
Outros,191,239,369,113,232,83,89,96,63,150,82,76,2006,África
Costa Rica,28,93,46,52,16,71,76,10,7,82,32,87,2006,América Central
Panamá,4,60,79,16,19,8,9,13,12,25,17,31,2006,América Central
Porto Rico,43,26,11,26,16,6,6,13,1,21,39,82,2006,América Central
Outros,192,308,156,233,80,256,274,159,89,145,196,275,2006,América Central
Canadá,1863,1629,1491,1087,1336,1353,1071,621,732,677,1032,936,2006,América do Norte
Estados Unidos,19117,18295,16196,14113,13443,14819,15683,6325,5042,6928,11229,16690,2006,América do Norte
México,1328,1528,1460,1239,1396,1281,1431,692,897,839,859,1022,2006,América do Norte
Argentina,14642,13262,12788,7044,3602,4954,5316,4523,5335,6203,5047,5532,2006,América do Sul
Bolívia,41,90,14,143,41,23,24,62,27,71,1,20,2006,América do Sul
Chile,2763,1439,948,749,394,910,976,638,2177,552,1329,3130,2006,América do Sul
Colômbia,558,735,686,362,109,119,128,51,52,91,127,145,2006,América do Sul
Equador,147,163,143,415,49,152,163,75,175,33,4,69,2006,América do Sul
Guiana Francesa,0,0,0,0,0,0,0,0,0,0,0,0,2006,América do Sul
Paraguai,152,86,75,34,66,33,35,57,68,171,83,100,2006,América do Sul
Peru,448,356,255,202,296,249,267,64,398,133,123,165,2006,América do Sul
República da Guiana,0,0,1,0,0,0,0,1,0,0,0,0,2006,América do Sul
Suriname,0,2,0,0,0,0,0,0,0,0,0,0,2006,América do Sul
Uruguai,386,494,753,522,382,381,409,495,582,200,155,276,2006,América do Sul
Venezuela,1063,481,712,183,278,305,327,117,100,109,68,128,2006,América do Sul
China,1380,325,355,543,730,757,812,526,37,566,424,378,2006,Ásia
Japão,491,550,668,298,296,309,217,509,404,291,211,181,2006,Ásia
República da Coréia,109,189,243,162,149,103,111,19,40,61,531,389,2006,Ásia
Outros,362,411,461,91,347,251,269,316,1487,197,239,330,2006,Ásia
Alemanha,6174,5842,5612,4191,3405,2836,2897,4001,3741,4129,4467,4225,2006,Europa
Áustria,704,174,504,142,119,122,130,230,226,149,162,177,2006,Europa
Bélgica,366,662,422,307,576,142,152,266,428,985,2129,1635,2006,Europa
Dinamarca,509,802,499,233,146,240,258,858,165,918,963,769,2006,Europa
Espanha,3459,3210,3313,2910,1862,1738,1436,2173,2835,2654,2723,2928,2006,Europa
Finlândia,605,486,153,131,866,322,345,331,46,259,399,329,2006,Europa
França,8402,7754,7973,8584,9413,6406,6619,5311,4745,4766,6364,5912,2006,Europa
Grécia,114,785,383,691,169,34,36,102,379,302,356,294,2006,Europa
Holanda,1456,717,843,556,539,343,368,575,382,959,1193,1123,2006,Europa
Hungria,96,260,107,26,79,113,121,268,0,59,51,43,2006,Europa
Inglaterra,7104,8877,4299,3726,2541,2284,2451,2579,2982,3078,2664,3573,2006,Europa
Irlanda,305,438,194,181,122,115,122,99,144,134,113,139,2006,Europa
Itália,6331,5539,4174,2818,1753,1478,1586,3238,2387,2994,4383,4273,2006,Europa
Noruega,605,809,481,207,202,331,355,444,133,882,733,633,2006,Europa
Polônia,167,171,425,72,93,84,90,223,53,202,164,137,2006,Europa
Portugal,7093,6307,4767,4133,3746,3833,3731,4128,3972,4255,4716,5719,2006,Europa
Suécia,934,627,580,176,129,327,351,415,121,735,476,431,2006,Europa
Suíça,2158,1144,1317,1120,714,329,354,401,487,1082,1435,1271,2006,Europa
Outros,1824,2234,1528,634,619,500,537,371,308,1472,1287,1739,2006,Europa
Austrália,915,1779,353,310,236,354,380,334,706,342,267,404,2006,Oceania
Nova Zelândia,126,203,87,119,87,55,59,314,65,74,61,77,2006,Oceania
Arábia Saudita,0,0,0,0,1,4,4,27,0,42,0,3,2006,Oriente Médio
Iraque,3,10,0,0,0,0,0,0,0,0,0,0,2006,Oriente Médio
Israel,345,1431,481,335,922,185,198,367,1342,186,173,177,2006,Oriente Médio
Outros,58,113,172,28,5,140,150,108,10,129,132,113,2006,Oriente Médio
África do Sul,67,105,211,118,54,37,49,62,76,56,64,80,2007,África
Angola,3615,1439,1659,1636,1011,948,1566,1557,1392,1682,1615,1214,2007,África
Cabo Verde,33,6,5,11,13,10,18,10,17,13,12,10,2007,África
Nigéria,57,10,4,18,6,6,2,16,20,10,10,13,2007,África
Outros,174,108,178,269,119,80,125,147,162,216,211,45,2007,África
Costa Rica,77,154,128,55,261,47,111,97,97,81,70,91,2007,América Central
Panamá,84,77,158,107,98,90,216,99,100,101,108,56,2007,América Central
Porto Rico,2,7,8,7,2,0,5,3,0,25,24,30,2007,América Central
Outros,372,557,379,387,397,376,1346,330,453,457,452,539,2007,América Central
Canadá,1421,1265,717,689,696,668,930,736,468,302,296,610,2007,América do Norte
Estados Unidos,16657,13434,13893,10493,11264,12753,12849,12171,10746,10822,11194,14747,2007,América do Norte
México,414,535,954,564,497,627,1267,519,552,375,367,471,2007,América do Norte
Argentina,14319,8439,11822,6771,5442,5321,10656,7872,7034,6429,6299,9414,2007,América do Sul
Bolívia,61,80,140,65,40,39,82,63,54,45,42,82,2007,América do Sul
Chile,8267,6052,4183,4734,3960,4203,5048,4618,3698,3423,3374,4387,2007,América do Sul
Colômbia,266,384,248,309,272,347,384,318,341,241,236,699,2007,América do Sul
Equador,64,134,167,201,201,178,253,302,159,94,92,201,2007,América do Sul
Guiana Francesa,0,0,0,0,0,0,0,0,0,0,0,0,2007,América do Sul
Paraguai,136,307,143,256,185,189,335,108,148,239,234,133,2007,América do Sul
Peru,489,536,411,491,440,297,290,268,293,177,174,533,2007,América do Sul
República da Guiana,0,0,0,0,0,0,0,0,0,0,0,0,2007,América do Sul
Suriname,0,0,0,9,2,5,6,5,0,0,0,0,2007,América do Sul
Uruguai,196,220,348,130,204,171,356,500,259,183,141,185,2007,América do Sul
Venezuela,281,233,542,278,230,204,651,414,241,200,198,363,2007,América do Sul
China,746,155,311,232,167,249,142,210,273,190,184,330,2007,Ásia
Japão,170,819,601,516,301,440,191,881,738,730,715,167,2007,Ásia
República da Coréia,141,231,171,239,263,204,97,190,355,146,143,246,2007,Ásia
Outros,422,336,411,556,317,234,512,323,191,114,438,455,2007,Ásia
Alemanha,4024,4578,2643,2758,1907,1875,2890,2859,2636,2226,2184,2024,2007,Europa
Áustria,489,456,151,479,127,167,416,275,288,204,200,248,2007,Europa
Bélgica,450,280,302,578,309,401,658,489,446,489,467,267,2007,Europa
Dinamarca,545,765,244,446,203,292,534,213,368,345,336,404,2007,Europa
Espanha,2409,2390,2000,2199,1546,3756,2992,3725,2235,2619,2566,1528,2007,Europa
Finlândia,501,223,140,225,138,150,111,124,160,45,44,301,2007,Europa
França,6144,7343,5582,6574,5478,4109,6091,5752,4320,6816,6699,6645,2007,Europa
Grécia,250,176,481,335,94,99,126,328,119,153,150,88,2007,Europa
Holanda,722,880,500,932,535,528,1113,490,847,704,690,884,2007,Europa
Hungria,89,389,182,265,63,49,102,115,119,129,129,125,2007,Europa
Inglaterra,3740,5424,4344,2782,2237,2883,3224,2848,3504,3017,2919,4240,2007,Europa
Irlanda,331,480,267,306,366,561,498,444,509,443,434,225,2007,Europa
Itália,4348,4583,2627,2817,1652,1959,2725,4762,2305,2717,2665,2848,2007,Europa
Noruega,684,892,640,343,294,590,474,322,399,498,486,563,2007,Europa
Polônia,141,286,147,387,71,202,214,215,355,245,242,230,2007,Europa
Portugal,6656,5357,4388,5508,3426,3322,3878,4360,3828,4674,4590,5664,2007,Europa
Suécia,711,658,368,689,301,463,448,320,465,466,455,657,2007,Europa
Suíça,1610,1571,791,777,533,487,1134,419,726,659,633,998,2007,Europa
Outros,759,1496,899,1842,696,621,556,830,1297,697,682,731,2007,Europa
Austrália,540,1529,550,634,616,504,493,626,661,453,444,889,2007,Oceania
Nova Zelândia,171,169,185,129,92,109,158,215,368,109,105,242,2007,Oceania
Arábia Saudita,15,10,10,26,40,27,16,13,4,26,15,17,2007,Oriente Médio
Iraque,0,0,0,0,0,0,0,0,4,0,0,0,2007,Oriente Médio
Israel,964,760,427,291,318,255,405,357,262,162,221,177,2007,Oriente Médio
Outros,79,147,93,166,100,82,70,96,201,71,70,165,2007,Oriente Médio
África do Sul,163,84,141,120,53,90,67,59,90,109,89,0,2008,África
Angola,2245,1411,1569,1254,1312,926,1668,1662,1321,1781,1373,0,2008,África
Cabo Verde,13,7,22,12,6,17,23,13,8,20,11,0,2008,África
Nigéria,17,20,17,14,10,27,12,9,6,22,79,0,2008,África
Outros,124,132,190,210,73,77,176,133,117,99,107,0,2008,África
Costa Rica,61,84,101,68,96,85,154,169,182,158,177,0,2008,América Central
Cuba,78,107,101,73,99,87,150,162,155,86,191,0,2008,América Central
Panamá,61,59,84,51,42,64,228,83,131,163,197,0,2008,América Central
Porto Rico,117,121,61,63,96,127,98,114,88,104,149,0,2008,América Central
Outros,137,240,329,147,219,315,246,276,218,358,400,0,2008,América Central
Canadá,1450,1301,1333,841,552,564,469,674,577,672,692,0,2008,América do Norte
Estados Unidos,13771,12653,14705,10728,10224,10626,10346,10620,9435,8792,9302,0,2008,América do Norte
México,476,474,622,518,859,573,774,592,674,618,690,0,2008,América do Norte
Argentina,13363,11944,16940,7386,40,7697,7797,7240,7994,5874,5508,0,2008,América do Sul
Bolívia,49,54,97,40,3387,45,69,38,86,46,61,0,2008,América do Sul
Chile,7903,8181,4996,3410,3387,3326,3694,3065,4502,3286,3267,0,2008,América do Sul
Colômbia,285,312,649,478,343,454,469,365,473,655,402,0,2008,América do Sul
Equador,105,109,302,234,227,454,767,698,415,459,512,0,2008,América do Sul
Guiana Francesa,0,0,0,0,0,0,0,0,0,0,0,0,2008,América do Sul
Paraguai,536,253,285,109,105,82,118,85,209,213,217,0,2008,América do Sul
Peru,450,399,464,490,473,288,649,763,215,228,288,0,2008,América do Sul
República da Guiana,1,0,3,1,3,12,1,3,3,4,7,0,2008,América do Sul
Suriname,1,0,4,1,1,1,0,0,0,0,1,0,2008,América do Sul
Uruguai,275,300,589,262,205,242,426,549,202,110,116,0,2008,América do Sul
Venezuela,434,366,540,368,456,279,537,574,441,427,239,0,2008,América do Sul
China,313,451,467,409,423,260,192,296,329,436,536,0,2008,Ásia
Índia,120,109,232,175,183,172,128,299,118,139,213,0,2008,Ásia
Israel,1104,889,292,322,277,161,291,297,472,349,348,0,2008,Ásia
Japão,485,813,636,455,675,565,408,767,668,621,642,0,2008,Ásia
República da Coréia,174,128,252,309,110,236,128,212,182,96,171,0,2008,Ásia
Outros,619,634,981,565,504,360,365,460,652,520,1022,0,2008,Ásia
Alemanha,4441,5007,3960,2546,2324,2309,3057,2812,2387,1994,1536,0,2008,Europa
Áustria,541,403,786,215,221,99,302,221,214,344,520,0,2008,Europa
Bélgica,633,595,586,223,304,418,580,432,434,610,380,0,2008,Europa
Dinamarca,791,715,583,272,299,244,463,280,350,488,504,0,2008,Europa
Espanha,2811,2573,3486,1900,2286,2420,3103,3894,2668,1843,2030,0,2008,Europa
Finlândia,326,341,304,134,238,111,114,103,154,223,362,0,2008,Europa
França,6915,8367,6457,6486,4631,3474,6191,6281,3370,5002,5265,0,2008,Europa
Grécia,280,293,374,179,176,115,120,420,108,172,373,0,2008,Europa
Holanda,1081,939,984,826,620,645,1474,925,733,647,743,0,2008,Europa
Hungria,263,220,303,139,201,61,40,51,78,117,257,0,2008,Europa
Inglaterra,5455,5311,4812,2837,2523,2526,3984,3324,3278,2950,2447,0,2008,Europa
Irlanda,741,453,511,313,361,610,514,495,695,666,400,0,2008,Europa
Itália,5630,4696,3143,2896,1416,2095,3019,4341,1895,1842,2135,0,2008,Europa
Noruega,1249,1060,1093,428,386,570,500,342,724,491,655,0,2008,Europa
Polônia,330,299,320,235,182,118,259,186,265,429,599,0,2008,Europa
Portugal,5812,5690,5428,3322,2414,2455,3922,4056,2966,2856,3209,0,2008,Europa
República Tcheca,206,147,129,199,203,76,42,57,147,264,172,0,2008,Europa
Rússia,749,621,390,375,291,152,183,229,201,585,739,0,2008,Europa
Suécia,1301,1029,972,508,345,388,306,225,406,599,827,0,2008,Europa
Suíça,1064,846,904,472,370,378,811,446,553,744,877,0,2008,Europa
Outros,1011,1146,970,556,550,320,334,427,553,853,672,0,2008,Europa
Austrália,1782,769,696,704,650,509,559,758,837,865,611,0,2008,Oceania
Nova Zelândia,209,127,156,201,109,106,258,191,161,156,151,0,2008,Oceania
Outros,5,1,1,6,0,3,3,0,5,9,14,0,2008,Oceania
África do Sul,0,0,0,0,0,0,0,0,0,0,0,0,2009,África
Angola,2423,2434,2306,1716,1545,1080,1092,1162,1280,1239,1151,1073,2009,África
Cabo Verde,0,0,0,0,0,0,0,0,0,0,0,0,2009,África
Nigéria,0,0,0,0,0,0,0,0,0,0,0,0,2009,África
Outros,0,0,0,0,0,0,0,0,0,0,0,0,2009,África
Costa Rica,0,0,0,0,0,0,0,0,0,0,0,0,2009,América Central
Cuba,0,0,0,0,0,0,0,0,0,0,0,0,2009,América Central
Panamá,0,0,0,0,0,0,0,0,0,0,0,0,2009,América Central
Porto Rico,0,0,0,0,0,0,0,0,0,0,0,0,2009,América Central
Outros,0,0,0,0,0,0,0,0,0,0,0,0,2009,América Central
Canadá,1541,1552,1655,0,0,0,0,0,0,0,0,1670,2009,América do Norte
Estados Unidos,16748,14153,18503,11590,10770,14481,13042,14452,10737,10639,13651,13900,2009,América do Norte
México,0,0,0,0,0,1321,0,0,0,0,0,0,2009,América do Norte
Argentina,20059,18469,21066,13440,10824,7473,10973,10876,11069,14008,14135,11450,2009,América do Sul
Bolívia,0,0,0,0,0,0,0,0,0,0,0,0,2009,América do Sul
Chile,3632,6682,5628,3489,4226,3241,3709,3428,5101,4665,4505,3423,2009,América do Sul
Colômbia,1248,0,0,0,0,0,0,0,0,0,0,0,2009,América do Sul
Equador,0,0,0,0,0,0,0,0,0,0,0,1393,2009,América do Sul
Guiana Francesa,0,0,0,0,0,0,0,0,0,0,0,0,2009,América do Sul
Paraguai,0,0,0,0,0,0,0,0,0,0,0,0,2009,América do Sul
Peru,1088,1184,1017,1070,0,0,0,1024,0,1156,1070,0,2009,América do Sul
República da Guiana,0,0,0,0,0,0,0,0,0,0,0,0,2009,América do Sul
Suriname,0,0,0,0,0,0,0,0,0,0,0,0,2009,América do Sul
Uruguai,0,0,0,1353,0,0,883,825,1453,1178,1163,617,2009,América do Sul
Venezuela,0,0,0,0,0,0,0,0,1170,0,0,0,2009,América do Sul
China,0,0,0,0,0,0,0,0,0,0,0,0,2009,Ásia
Índia,0,0,0,0,0,0,0,0,0,0,0,0,2009,Ásia
Israel,0,0,0,0,0,0,0,0,0,0,0,0,2009,Ásia
Japão,0,0,1191,0,0,0,0,0,0,0,0,0,2009,Ásia
República da Coréia,0,0,0,0,0,0,0,0,0,0,0,0,2009,Ásia
Outros,0,0,0,0,0,0,0,0,0,0,0,0,2009,Ásia
Alemanha,4650,3112,5351,4450,2518,2546,2339,2707,2668,3268,4142,2677,2009,Europa
Áustria,0,0,0,0,0,0,0,0,0,0,0,0,2009,Europa
Bélgica,0,0,0,0,0,0,0,0,0,0,0,0,2009,Europa
Dinamarca,0,0,0,0,0,0,0,0,0,0,0,0,2009,Europa
Espanha,2528,1859,2143,2870,1990,1717,2130,3174,2250,2385,2923,2909,2009,Europa
Finlândia,0,0,0,0,0,0,0,0,0,0,0,0,2009,Europa
França,6981,7097,8822,7065,5546,3321,4532,7781,3626,4320,7602,4878,2009,Europa
Grécia,0,0,0,0,0,0,0,0,0,0,0,0,2009,Europa
Holanda,1160,1033,1180,0,1089,0,1035,1574,681,1266,1251,1047,2009,Europa
Hungria,0,0,0,0,0,0,0,0,0,0,0,0,2009,Europa
Inglaterra,4699,4860,6202,4726,3429,3322,3307,4748,3785,4595,4821,4300,2009,Europa
Irlanda,0,0,0,0,0,0,0,0,0,0,0,0,2009,Europa
Itália,6464,4501,4793,2554,2129,1676,1629,4358,2656,2179,3014,2406,2009,Europa
Noruega,1127,0,1028,1120,0,0,0,0,0,0,1063,0,2009,Europa
Polônia,0,0,0,0,0,0,0,0,0,0,0,0,2009,Europa
Portugal,5303,3202,4264,4646,2966,2201,2254,2814,2152,2570,3372,3493,2009,Europa
República Tcheca,0,0,0,0,0,0,0,0,0,0,0,0,2009,Europa
Rússia,0,0,0,0,0,0,0,0,0,0,0,0,2009,Europa
Suécia,1869,1228,1223,1080,0,0,0,0,0,0,0,0,2009,Europa
Suíça,1763,1210,1100,1100,0,0,0,0,0,1380,0,0,2009,Europa
Outros,0,1190,1215,0,0,0,0,0,0,0,0,0,2009,Europa
Austrália,1302,1799,1407,0,0,0,0,0,0,1066,0,1039,2009,Oceania
Nova Zelândia,0,0,0,0,0,0,0,0,0,0,0,0,2009,Oceania
Outros,0,0,0,0,0,0,0,0,0,0,0,0,2009,Oceania
África do Sul,85,127,143,98,97,55,42,107,133,126,136,366,2010,África
Angola,2203,1653,1698,1092,1283,832,1258,1595,1028,1121,837,1300,2010,África
Cabo Verde,4,6,16,12,20,7,20,13,6,6,20,16,2010,África
Nigéria,6,23,197,30,42,16,17,27,35,20,41,14,2010,África
Outros,227,320,686,389,260,189,224,171,179,175,188,324,2010,África
Costa Rica,139,78,197,148,201,179,230,152,182,211,250,158,2010,América Central
Cuba,103,84,91,56,100,75,111,94,72,78,55,95,2010,América Central
Panamá,43,38,84,97,117,74,72,194,80,150,139,103,2010,América Central
Porto Rico,72,91,87,68,106,148,58,98,81,127,116,94,2010,América Central
Outros,116,153,511,237,311,281,308,391,263,360,346,230,2010,América Central
Canadá,1013,1216,1636,796,720,599,1028,962,654,800,817,1423,2010,América do Norte
Estados Unidos,11916,14224,15919,15786,10481,17417,12915,18206,9839,13870,16277,19246,2010,América do Norte
México,456,716,716,702,678,540,667,693,599,758,754,988,2010,América do Norte
Argentina,22258,17247,24378,15188,11924,6552,12902,11418,10624,15008,10620,16919,2010,América do Sul
Bolívia,59,77,88,108,64,103,150,90,95,32,46,100,2010,América do Sul
Chile,7015,8909,3994,3369,3917,3693,4684,3902,4974,6184,4260,5456,2010,América do Sul
Colômbia,783,710,829,628,555,691,681,602,635,642,566,1007,2010,América do Sul
Equador,291,366,557,590,422,353,561,932,425,427,409,289,2010,América do Sul
Guiana Francesa,0,1,0,0,0,0,0,0,0,0,0,0,2010,América do Sul
Paraguai,454,257,334,161,216,224,284,422,288,376,516,741,2010,América do Sul
Peru,904,1026,1377,988,1172,848,1313,1176,820,1014,683,903,2010,América do Sul
República da Guiana,3,3,4,3,3,4,0,3,0,4,1,3,2010,América do Sul
Suriname,0,0,0,0,0,0,0,1,1,3,1,0,2010,América do Sul
Uruguai,774,1001,2265,816,764,780,1005,1189,1540,1837,1339,1043,2010,América do Sul
Venezuela,622,1283,1044,820,807,662,762,1335,1096,1047,869,1325,2010,América do Sul
China,376,502,535,417,567,658,480,547,652,500,557,916,2010,Ásia
Índia,122,216,307,126,140,207,137,178,148,153,340,464,2010,Ásia
Israel,509,1153,619,289,237,210,315,282,366,444,408,819,2010,Ásia
Japão,366,670,350,392,573,396,354,709,756,498,373,399,2010,Ásia
República da Coréia,135,208,259,145,194,188,127,187,184,93,252,360,2010,Ásia
Outros,247,651,845,398,619,399,349,402,457,353,340,518,2010,Ásia
Alemanha,3441,5533,4817,1328,1805,1778,2301,3649,7578,3998,5423,3631,2010,Europa
Áustria,359,427,888,362,337,243,399,323,350,418,424,534,2010,Europa
Bélgica,379,615,615,454,404,366,735,461,632,851,576,735,2010,Europa
Dinamarca,667,733,777,307,275,373,576,360,378,482,483,654,2010,Europa
Espanha,2857,3743,4616,1578,2133,1892,2964,2340,2831,2699,3469,4281,2010,Europa
Finlândia,259,249,312,122,195,171,145,140,158,169,286,453,2010,Europa
França,5013,7238,5877,4841,4076,3156,6082,5713,3022,5139,4296,7757,2010,Europa
Grécia,198,236,223,136,130,85,162,247,123,273,103,311,2010,Europa
Holanda,1175,1054,1234,729,694,625,1435,743,835,933,820,1147,2010,Europa
Hungria,143,197,172,94,143,80,61,67,64,97,161,127,2010,Europa
Inglaterra,4753,5284,6361,1713,2076,3053,4387,5436,7824,4293,7255,5039,2010,Europa
Irlanda,386,567,473,315,340,350,419,446,502,535,365,592,2010,Europa
Itália,4292,3333,3992,1830,1561,1619,2337,4309,1960,2683,3020,5394,2010,Europa
Noruega,871,1117,1412,700,486,545,513,621,1028,824,894,1023,2010,Europa
Polônia,349,541,292,182,155,139,187,253,310,388,534,357,2010,Europa
Portugal,3142,3403,4799,2972,2314,1912,2188,2796,2060,3061,3090,4905,2010,Europa
República Tcheca,123,260,311,123,80,94,88,56,130,205,221,110,2010,Europa
Rússia,506,677,473,346,376,205,307,343,288,378,505,1028,2010,Europa
Suécia,962,1195,1034,376,304,422,346,337,528,743,840,1467,2010,Europa
Suíça,979,943,1219,824,649,450,1044,489,596,881,796,1684,2010,Europa
Outros,814,1290,1286,535,615,331,550,635,628,645,1002,1154,2010,Europa
Austrália,856,2468,884,888,833,577,474,634,689,845,609,1186,2010,Oceania
Nova Zelândia,93,312,179,367,298,314,191,198,226,156,137,205,2010,Oceania
Outros,1,6,9,10,9,0,4,1,9,16,1,3,2010,Oceania
África do Sul,121,91,126,183,112,86,174,87,111,121,119,352,2011,África
Angola,1452,893,974,898,1097,827,882,992,1146,1155,995,1370,2011,África
Cabo Verde,5,14,9,7,15,9,10,10,5,5,11,5,2011,África
Nigéria,27,26,46,34,45,65,51,14,29,32,42,24,2011,África
Outros,285,219,353,247,259,237,843,235,209,285,343,353,2011,África
Costa Rica,218,157,118,187,213,123,148,153,229,194,272,233,2011,América Central
Cuba,66,47,47,61,68,119,71,60,81,103,77,75,2011,América Central
Panamá,61,71,121,109,96,112,61,72,149,144,233,111,2011,América Central
Porto Rico,76,70,83,96,97,94,91,94,132,160,168,96,2011,América Central
Outros,131,201,229,374,251,245,431,272,377,445,378,246,2011,América Central
Canadá,838,1508,1569,961,753,653,1328,888,717,935,1073,1527,2011,América do Norte
Estados Unidos,9919,13117,21634,13234,12985,13263,12869,13353,11459,13172,14588,17648,2011,América do Norte
México,368,628,794,778,760,685,880,747,765,1020,1324,1322,2011,América do Norte
Argentina,23187,21246,20800,14882,10842,9761,13602,12149,13743,17823,18188,19777,2011,América do Sul
Bolívia,63,53,67,57,57,70,48,45,68,173,57,83,2011,América do Sul
Chile,7367,10719,5165,4758,4536,3741,4348,4262,5095,6617,5346,5400,2011,América do Sul
Colômbia,619,412,696,920,737,847,1323,853,1089,908,1906,1992,2011,América do Sul
Equador,169,316,430,460,428,405,640,562,444,579,725,325,2011,América do Sul
Guiana Francesa,0,0,0,0,1,0,0,0,0,0,0,0,2011,América do Sul
Paraguai,833,455,194,256,230,226,351,317,382,277,393,514,2011,América do Sul
Peru,499,1005,739,1048,930,799,664,926,811,845,1233,701,2011,América do Sul
República da Guiana,0,2,7,1,14,7,5,2,2,2,10,20,2011,América do Sul
Suriname,2,0,0,2,2,0,107,0,1,9,1,11,2011,América do Sul
Uruguai,1110,1307,1289,2677,772,1029,972,1112,1541,1568,1509,828,2011,América do Sul
Venezuela,467,515,1090,944,831,643,737,1352,1048,868,1238,1269,2011,América do Sul
China,710,569,931,638,1044,797,634,896,826,775,1312,1176,2011,Ásia
Índia,113,173,269,271,251,241,392,223,204,277,300,261,2011,Ásia
Israel,693,882,933,666,477,372,341,359,359,481,587,606,2011,Ásia
Japão,398,669,942,460,716,510,505,746,643,583,656,440,2011,Ásia
República da Coréia,187,254,259,269,310,184,221,271,195,270,249,229,2011,Ásia
Outros,342,428,735,409,639,384,665,282,318,417,509,604,2011,Ásia
Alemanha,3203,3535,4609,3869,2223,1989,3297,2988,3026,4227,5494,5386,2011,Europa
Áustria,421,517,801,336,236,208,506,383,296,541,752,757,2011,Europa
Bélgica,460,492,596,746,740,433,979,499,448,702,821,878,2011,Europa
Dinamarca,612,869,556,740,334,380,607,267,359,546,592,761,2011,Europa
Espanha,1962,2334,3409,3256,2344,2238,2727,2819,2221,2798,3284,3595,2011,Europa
Finlândia,487,397,320,223,205,175,260,124,159,264,237,463,2011,Europa
França,4985,7596,6399,6570,4773,3606,6053,5842,3598,5703,6322,8646,2011,Europa
Grécia,147,182,136,134,162,91,211,230,122,128,173,275,2011,Europa
Holanda,910,976,1164,772,782,898,1182,696,790,1149,1366,1845,2011,Europa
Hungria,211,159,147,85,170,58,81,45,68,81,266,132,2011,Europa
Inglaterra,3434,5322,6169,5028,3377,3336,3331,3417,3837,4411,5483,5325,2011,Europa
Irlanda,395,377,441,367,333,408,479,316,395,435,528,562,2011,Europa
Itália,3987,3471,3413,2448,1839,2571,3388,5022,2326,3157,5075,7607,2011,Europa
Noruega,1354,1547,1007,1129,640,790,663,581,845,1022,1364,1466,2011,Europa
Polônia,303,490,531,260,353,331,347,233,257,218,725,384,2011,Europa
Portugal,3280,3020,3335,3955,2259,2139,2418,2615,2591,2754,3836,4976,2011,Europa
República Tcheca,148,237,274,214,241,199,114,131,122,133,241,160,2011,Europa
Rússia,1356,1674,1245,598,356,372,270,361,358,787,1061,1458,2011,Europa
Suécia,1327,1201,833,757,494,480,531,344,398,601,944,1492,2011,Europa
Suíça,947,1078,1069,1184,485,496,1144,467,551,939,1058,1992,2011,Europa
Outros,1233,1227,1298,839,985,659,1041,533,623,739,1442,1450,2011,Europa
Austrália,780,838,1815,903,869,507,591,601,753,949,1037,1317,2011,Oceania
Nova Zelândia,124,137,377,180,378,144,216,182,145,167,200,256,2011,Oceania
Outros,1,0,1,4,2,4,1,1,0,2,5,1,2011,Oceania
África do Sul,131,200,175,208,134,166,177,139,125,147,108,438,2012,África
Angola,1636,1282,1316,1088,922,721,864,885,952,789,868,1218,2012,África
Cabo Verde,5,10,19,10,5,25,6,11,15,10,17,4,2012,África
Nigéria,66,108,75,57,88,510,36,37,29,48,50,37,2012,África
Outros,390,581,594,340,380,2066,352,334,320,297,394,571,2012,África
Costa Rica,296,116,222,196,197,251,120,164,163,283,192,220,2012,América Central
Cuba,65,36,65,62,76,125,70,80,80,102,93,101,2012,América Central
Panamá,50,62,140,75,89,168,64,124,73,135,177,112,2012,América Central
Porto Rico,71,71,153,164,88,148,94,120,147,183,213,147,2012,América Central
Outros,182,192,373,279,313,614,276,320,311,611,434,289,2012,América Central
Canadá,1218,1784,1576,1190,808,1311,817,806,801,1045,1136,1809,2012,América do Norte
Estados Unidos,10711,16457,15989,10892,11623,14133,11607,13538,11203,11679,13383,18782,2012,América do Norte
México,554,661,969,902,634,847,907,949,712,899,796,933,2012,América do Norte
Argentina,36393,27163,31410,22982,13370,9467,21528,14026,16634,18842,20754,23275,2012,América do Sul
Bolívia,61,47,56,62,47,143,88,52,76,83,70,88,2012,América do Sul
Chile,7344,9018,7530,5962,6038,5450,5391,5094,6864,7516,5866,6353,2012,América do Sul
Colômbia,1183,1108,1803,1404,1152,1848,1461,1502,1824,1833,2226,2748,2012,América do Sul
Equador,168,338,707,466,383,566,405,497,349,585,470,318,2012,América do Sul
Guiana Francesa,0,0,0,0,0,0,0,0,0,0,1,0,2012,América do Sul
Paraguai,755,433,648,303,246,364,264,222,176,200,173,222,2012,América do Sul
Peru,437,654,1189,958,824,729,698,1094,961,1143,921,1108,2012,América do Sul
República da Guiana,5,1,10,11,4,14,5,1,20,15,13,4,2012,América do Sul
Suriname,0,0,1,1,1,6,3,0,20,0,1,1,2012,América do Sul
Uruguai,1524,1420,2519,1794,1484,1341,907,766,1066,1129,1064,1232,2012,América do Sul
Venezuela,510,898,1214,1015,664,926,735,1196,1306,972,1070,1085,2012,América do Sul
China,871,1107,828,868,1107,1687,941,1163,1335,1333,2110,1427,2012,Ásia
Índia,329,464,401,387,506,848,387,492,301,549,409,413,2012,Ásia
Israel,823,1785,1009,740,389,366,474,494,857,431,517,507,2012,Ásia
Japão,425,1222,604,666,583,1476,666,833,786,847,808,738,2012,Ásia
República da Coréia,259,326,261,181,280,856,280,231,268,293,308,310,2012,Ásia
Outros,727,1121,1187,887,707,2759,795,1028,789,1248,925,955,2012,Ásia
Alemanha,3543,4626,6153,3548,2935,3285,3947,3857,3763,5173,6342,6668,2012,Europa
Áustria,569,735,902,396,303,399,457,420,442,648,823,814,2012,Europa
Bélgica,613,767,781,743,490,769,1012,521,642,845,776,939,2012,Europa
Dinamarca,693,696,711,413,273,741,476,329,380,567,647,778,2012,Europa
Espanha,2522,2683,3297,1922,1735,2119,2460,2716,2319,2772,3056,2699,2012,Europa
Finlândia,317,383,275,341,194,287,126,124,211,237,282,485,2012,Europa
França,5568,9109,7468,7151,4631,5340,7318,6882,4418,7102,7128,9641,2012,Europa
Grécia,88,210,186,143,96,167,90,127,104,129,192,273,2012,Europa
Holanda,1270,1613,1264,1093,1042,1440,2047,1162,1330,1544,1822,2084,2012,Europa
Hungria,228,266,201,93,52,157,74,106,45,162,232,169,2012,Europa
Inglaterra,4735,7205,7112,4009,3567,4333,3838,3869,4599,5101,5677,5858,2012,Europa
Irlanda,484,566,372,350,332,520,482,363,411,567,476,504,2012,Europa
Itália,5101,4539,5111,3506,2265,2795,3243,5693,2719,3550,4758,6805,2012,Europa
Noruega,1084,1260,1882,840,641,954,896,552,1242,931,1251,1455,2012,Europa
Polônia,573,690,654,390,266,245,271,385,335,646,968,450,2012,Europa
Portugal,3079,3266,4459,2972,2344,2452,2470,2917,2837,3035,3429,4473,2012,Europa
República Tcheca,243,331,279,168,83,157,178,98,135,287,508,232,2012,Europa
Rússia,1447,1508,1226,1106,655,771,632,568,623,1125,1437,1662,2012,Europa
Suécia,1167,1069,935,617,418,894,517,335,446,766,991,2037,2012,Europa
Suíça,1017,1223,1427,1014,567,763,1269,535,657,1013,1206,2097,2012,Europa
Outros,1720,1608,1645,1057,627,1247,648,841,837,1455,1614,1764,2012,Europa
Austrália,981,2696,1243,1222,1084,1508,693,938,1101,1353,1247,1777,2012,Oceania
Nova Zelândia,132,260,225,241,149,260,180,150,289,280,177,289,2012,Oceania
Outros,0,4,6,1,1,120,5,5,1,0,5,4,2012,Oceania
África do Sul,94,158,129,120,112,149,127,106,110,115,86,254,2013,África
Angola,997,924,868,891,995,678,1374,1207,883,1199,1212,1011,2013,África
Cabo Verde,4,9,8,5,8,5,16,17,17,14,8,5,2013,África
Nigéria,21,40,76,39,48,60,300,82,47,70,168,40,2013,África
Outros,341,384,457,329,297,348,1332,749,198,569,561,527,2013,África
Costa Rica,230,119,167,236,207,197,540,210,175,241,254,271,2013,América Central
Cuba,34,59,104,82,50,85,198,87,52,87,108,72,2013,América Central
Panamá,39,78,110,77,72,179,391,132,50,157,253,99,2013,América Central
Porto Rico,130,129,190,140,154,119,500,142,154,253,296,166,2013,América Central
Outros,196,329,387,354,330,393,1961,471,210,395,476,338,2013,América Central
Canadá,1055,1883,1522,1027,1061,860,1496,1031,584,1065,1156,1641,2013,América do Norte
Estados Unidos,10347,16094,19055,13144,14617,13006,18417,13709,8077,13714,12278,18666,2013,América do Norte
México,411,579,719,654,791,2899,2758,1082,582,853,900,929,2013,América do Norte
Argentina,37007,28362,35813,19604,10019,11040,19942,13897,11507,18535,20776,22803,2013,América do Sul
Bolívia,48,73,74,70,86,77,91,82,48,48,83,104,2013,América do Sul
Chile,7738,11439,9136,5485,5657,4451,6955,4908,4724,7101,6159,6248,2013,América do Sul
Colômbia,1708,1486,2421,1552,1396,2007,2485,2077,1396,2712,1907,2416,2013,América do Sul
Equador,215,256,387,446,398,346,947,566,341,483,519,326,2013,América do Sul
Guiana Francesa,0,0,0,0,0,0,0,0,0,0,0,0,2013,América do Sul
Paraguai,112,138,142,129,338,171,230,111,61,129,214,305,2013,América do Sul
Peru,832,1147,1571,1008,1097,1053,1996,1375,858,1380,896,985,2013,América do Sul
República da Guiana,0,8,10,3,3,3,5,12,3,1,9,4,2013,América do Sul
Suriname,0,3,8,0,3,0,10,4,4,3,4,1,2013,América do Sul
Uruguai,1717,1742,3040,1615,1327,1432,1821,1657,1315,2078,1710,1203,2013,América do Sul
Venezuela,412,885,676,624,732,622,1821,591,277,515,326,406,2013,América do Sul
China,701,811,1028,1164,1174,1246,1130,1455,543,1389,1369,1065,2013,Ásia
Índia,224,425,485,784,548,369,510,517,232,398,479,441,2013,Ásia
Israel,1075,1491,721,682,394,284,432,659,474,471,737,678,2013,Ásia
Japão,558,1716,725,740,725,903,852,1297,639,768,1551,745,2013,Ásia
República da Coréia,256,314,327,243,453,269,309,288,137,330,301,431,2013,Ásia
Outros,642,1447,1192,998,1242,915,1890,1293,472,1038,1496,1295,2013,Ásia
Alemanha,4279,5465,7916,3806,3817,3379,4715,4051,2501,5216,4840,5880,2013,Europa
Áustria,558,697,781,412,352,275,701,483,254,607,603,691,2013,Europa
Bélgica,560,716,877,698,449,635,980,643,434,942,796,853,2013,Europa
Dinamarca,721,802,650,510,352,416,551,398,273,723,617,753,2013,Europa
Espanha,2304,2545,3558,2528,2333,2637,4655,3425,1911,3071,3158,3010,2013,Europa
Finlândia,401,414,395,286,205,198,158,244,150,346,526,514,2013,Europa
França,5512,8323,8835,7380,4759,4228,10320,7760,2719,6922,6145,7575,2013,Europa
Grécia,157,170,196,175,134,123,130,213,52,154,280,284,2013,Europa
Holanda,1421,1636,1478,1670,1145,1110,2086,1426,908,1786,1658,1935,2013,Europa
Hungria,244,282,218,98,104,99,197,180,97,154,303,159,2013,Europa
Inglaterra,4364,8377,8170,5139,5963,4798,4641,4931,3168,5725,5324,5847,2013,Europa
Irlanda,361,475,650,351,322,425,664,378,279,463,438,444,2013,Europa
Itália,4912,5149,5568,3924,2789,3793,7665,5425,2048,3823,4958,7007,2013,Europa
Noruega,1121,1489,1583,886,695,943,997,703,566,1113,1258,1161,2013,Europa
Polônia,609,1110,654,694,393,350,1746,399,277,454,668,427,2013,Europa
Portugal,3440,3692,5089,3259,2779,2822,3228,3594,2604,3224,4380,5269,2013,Europa
República Tcheca,171,295,309,213,174,97,296,175,117,151,420,267,2013,Europa
Rússia,1157,2149,1019,1372,601,637,475,770,355,1007,1054,1476,2013,Europa
Suécia,1173,1237,1033,729,524,511,514,437,325,1016,986,1816,2013,Europa
Suíça,1151,1496,1833,1001,865,644,1679,691,480,1255,1181,2130,2013,Europa
Outros,1464,2162,1686,1418,887,732,1320,1136,450,1503,1478,1491,2013,Europa
Austrália,1341,2523,1499,1155,918,741,2608,1161,729,1144,1143,1530,2013,Oceania
Nova Zelândia,162,297,248,180,176,129,260,267,117,239,193,265,2013,Oceania
Outros,0,1,1,0,4,0,26,9,1,0,1,9,2013,Oceania
África do Sul,174,140,105,129,170,444,421,89,155,119,134,504,2014,África
Angola,2378,1536,856,1377,1714,1338,1228,1574,1488,1450,1536,2214,2014,África
Cabo Verde,3,25,8,6,18,28,18,34,9,19,22,19,2014,África
Nigéria,76,184,271,191,150,354,170,42,105,50,59,31,2014,África
Outros,408,556,556,343,521,2638,1209,567,556,359,615,877,2014,África
Costa Rica,277,167,122,261,231,1190,302,290,211,221,263,547,2014,América Central
Cuba,88,59,22,35,82,61,127,100,86,53,86,128,2014,América Central
Panamá,53,45,96,97,139,1093,643,118,104,129,232,343,2014,América Central
Porto Rico,179,166,98,138,172,515,422,133,163,175,266,468,2014,América Central
Outros,376,258,278,345,412,1944,1184,424,388,314,600,573,2014,América Central
Canadá,1347,1966,1218,1402,1091,4214,2171,1137,983,1048,1325,3751,2014,América do Norte
Estados Unidos,14648,17575,12057,12058,15262,49151,23226,16042,12256,14691,15391,32435,2014,América do Norte
México,672,941,708,1286,1169,9762,5373,1601,1504,1580,2126,3501,2014,América do Norte
Argentina,35003,32607,18797,18289,12728,25517,29001,11538,14484,16011,18168,32734,2014,América do Sul
Bolívia,68,57,46,54,70,219,300,63,83,68,70,137,2014,América do Sul
Chile,10921,13838,4220,4723,5294,17617,6481,5116,7688,7874,7425,13343,2014,América do Sul
Colômbia,1513,1635,1277,2267,2183,12112,3606,2326,1926,2208,2507,5635,2014,América do Sul
Equador,223,319,339,289,358,4056,530,516,337,332,680,700,2014,América do Sul
Guiana Francesa,0,0,0,0,0,0,0,0,0,0,0,0,2014,América do Sul
Paraguai,277,145,80,100,111,86,275,147,121,170,154,485,2014,América do Sul
Peru,850,1136,724,805,987,1739,1939,1251,1047,1037,1479,1975,2014,América do Sul
República da Guiana,0,0,4,6,8,30,11,6,11,9,13,0,2014,América do Sul
Suriname,0,4,0,0,0,0,2,0,7,0,2,3,2014,América do Sul
Uruguai,1257,679,429,2030,101,1319,1093,1399,2023,2324,2302,2423,2014,América do Sul
Venezuela,436,500,426,476,500,1494,991,549,589,601,753,1337,2014,América do Sul
China,952,1013,788,1023,1445,3075,2045,1053,1058,1051,1051,1571,2014,Ásia
Índia,312,385,304,377,597,1415,1175,480,415,450,701,815,2014,Ásia
Israel,1242,1779,1230,802,678,2455,1620,573,782,733,811,1305,2014,Ásia
Japão,561,1003,1313,577,952,3557,1491,1282,1066,773,844,1152,2014,Ásia
República da Coréia,299,528,307,253,508,724,365,293,398,447,447,987,2014,Ásia
Outros,846,1435,1690,1272,1777,5101,4356,1110,1679,1589,1681,2419,2014,Ásia
Alemanha,4590,7171,4643,5087,4669,9713,10497,5338,4617,5889,6303,10328,2014,Europa
Áustria,617,836,506,499,442,973,944,708,484,757,922,1541,2014,Europa
Bélgica,731,948,672,979,708,4352,1365,663,749,1218,922,1362,2014,Europa
Dinamarca,673,1020,447,606,396,774,746,431,557,918,728,1382,2014,Europa
Espanha,2969,3443,2110,3109,2752,3856,4428,4414,2959,3279,3921,5878,2014,Europa
Finlândia,365,551,193,237,299,611,326,202,286,719,475,935,2014,Europa
França,6522,11802,6515,8532,6726,17411,11826,9643,5073,8101,8952,16939,2014,Europa
Grécia,161,323,160,173,189,452,298,241,286,179,274,639,2014,Europa
Holanda,1917,2268,1429,1753,1867,3687,3224,1798,1760,2100,2299,3393,2014,Europa
Hungria,309,330,127,138,81,213,283,94,157,203,255,371,2014,Europa
Inglaterra,6154,8585,5609,5965,6628,22877,9683,5744,5841,6340,6757,10656,2014,Europa
Irlanda,534,624,352,481,475,1075,763,485,510,534,524,990,2014,Europa
Itália,6452,7417,4288,5036,3748,4033,6052,7677,3441,4184,6028,14424,2014,Europa
Noruega,1195,1675,941,1472,887,2268,1453,801,1349,1255,1294,2052,2014,Europa
Polônia,637,1078,597,422,475,819,869,514,921,1534,1070,1177,2014,Europa
Portugal,5130,5280,2948,5279,3424,3074,3722,4396,3195,4091,4964,9639,2014,Europa
República Tcheca,261,451,220,208,171,196,241,154,295,371,560,487,2014,Europa
Rússia,1366,1941,1600,800,747,4047,2032,634,770,833,1450,2625,2014,Europa
Suécia,1345,1586,698,747,715,2643,1139,521,730,1184,1275,3803,2014,Europa
Suíça,1443,1719,1106,1344,915,2510,2320,856,903,1515,1355,3657,2014,Europa
Outros,1642,2696,1622,1005,1014,3245,2338,1012,1143,1586,2065,3551,2014,Europa
Austrália,1344,2663,1187,1365,1580,8401,2559,1126,1734,1465,1226,2827,2014,Oceania
Nova Zelândia,188,350,241,251,356,722,464,592,647,284,267,640,2014,Oceania
Outros,0,6,13,0,3,0,11,2,4,0,1,0,2014,Oceania
África do Sul,119,90,104,92,101,104,115,68,57,98,122,373,2015,África
Angola,1952,1051,1472,1012,1161,676,1016,1123,497,951,1251,977,2015,África
Cabo Verde,3,12,3,2,5,8,15,18,0,8,19,3,2015,África
Nigéria,9,22,25,22,9,30,12,11,9,21,66,29,2015,África
Outros,242,328,286,324,435,435,557,411,238,409,556,549,2015,África
Costa Rica,334,145,178,175,167,222,175,145,98,244,191,349,2015,América Central
Cuba,48,45,42,42,57,63,90,69,50,68,125,131,2015,América Central
Panamá,55,81,122,119,96,129,105,90,112,148,242,182,2015,América Central
Porto Rico,185,178,199,253,227,131,200,156,173,315,351,364,2015,América Central
Outros,176,313,351,373,316,501,399,381,339,492,553,439,2015,América Central
Canadá,1042,2157,1834,1347,1401,1045,1187,909,683,1725,2281,2499,2015,América do Norte
Estados Unidos,10035,16579,17903,14144,16478,16885,16885,13199,9068,16355,21578,25716,2015,América do Norte
México,873,1311,1856,1486,1519,1820,1400,808,702,1100,1144,1310,2015,América do Norte
Argentina,32957,30836,30136,21824,20049,14474,27194,19360,16575,33118,35016,40073,2015,América do Sul
Bolívia,47,48,62,47,52,36,66,48,35,63,75,95,2015,América do Sul
Chile,8911,12055,9398,5707,7652,4971,8236,5278,6122,9190,10179,9818,2015,América do Sul
Colômbia,1370,1384,2256,1573,1829,2547,1811,1615,1284,2546,2892,3915,2015,América do Sul
Equador,132,226,336,509,405,372,392,315,260,539,537,373,2015,América do Sul
Guiana Francesa,0,0,0,0,0,0,0,0,0,0,0,0,2015,América do Sul
Paraguai,128,131,119,149,149,194,310,321,211,399,307,596,2015,América do Sul
Peru,825,935,1406,1049,1076,963,1286,965,729,1411,1326,1411,2015,América do Sul
República da Guiana,2,6,11,2,0,8,11,19,15,5,12,11,2015,América do Sul
Suriname,5,2,0,0,2,8,2,9,2,0,12,3,2015,América do Sul
Uruguai,3552,2741,5175,2309,1813,2367,3348,3318,2131,4997,5428,4079,2015,América do Sul
Venezuela,286,466,720,1751,781,546,628,655,329,765,1275,1230,2015,América do Sul
China,334,1102,844,989,844,888,1076,649,664,1110,1090,1052,2015,Ásia
Índia,108,312,537,325,500,369,346,321,256,396,599,432,2015,Ásia
Israel,726,1842,754,778,376,446,507,373,589,504,644,730,2015,Ásia
Japão,389,1113,563,483,524,830,685,828,387,581,696,780,2015,Ásia
República da Coréia,268,354,253,384,328,214,227,184,197,363,466,387,2015,Ásia
Outros,631,1661,1274,995,1411,1358,1057,736,810,1311,1463,1507,2015,Ásia
Alemanha,2988,4715,6776,3626,3322,2758,3986,3884,2708,5912,5474,6598,2015,Europa
Áustria,572,667,750,378,586,299,735,556,279,563,723,801,2015,Europa
Bélgica,385,713,613,839,562,656,1242,643,331,795,909,890,2015,Europa
Dinamarca,521,795,817,393,397,659,729,441,309,819,671,882,2015,Europa
Espanha,2151,2748,3500,2389,2441,2501,3416,3065,1765,3183,4111,4071,2015,Europa
Finlândia,241,321,295,232,202,288,158,162,123,393,465,521,2015,Europa
França,5306,11806,7689,9452,6685,5030,10486,8132,3286,9051,9032,11442,2015,Europa
Grécia,139,269,227,262,162,173,143,212,77,220,333,329,2015,Europa
Holanda,1123,1487,1527,1659,1313,1343,2919,1305,932,1982,2479,2439,2015,Europa
Hungria,187,285,200,241,220,181,155,181,112,194,244,191,2015,Europa
Inglaterra,4490,8502,7346,6032,4919,5306,6188,4682,4172,7288,8027,8521,2015,Europa
Irlanda,348,453,441,381,364,405,581,363,325,522,494,590,2015,Europa
Itália,4610,5113,5744,4133,3111,3089,4173,4975,1953,5142,6412,8768,2015,Europa
Noruega,632,1283,1483,730,629,971,747,551,533,998,1456,1144,2015,Europa
Polônia,760,962,1156,760,808,420,562,530,455,626,1255,702,2015,Europa
Portugal,3718,4050,5753,3525,2929,3330,2904,3181,2138,3766,5516,6818,2015,Europa
República Tcheca,192,345,428,288,253,205,238,115,145,252,562,224,2015,Europa
Rússia,908,1126,1022,1359,1054,1127,556,435,381,929,1365,1338,2015,Europa
Suécia,960,1206,970,814,444,707,720,443,328,1091,1078,2031,2015,Europa
Suíça,1147,1486,1331,1191,753,680,1659,781,647,1487,1612,2442,2015,Europa
Outros,1173,2046,1651,1379,1313,1194,1108,1001,1006,1617,2279,1895,2015,Europa
Austrália,817,1913,1082,1206,1233,1014,1043,885,941,1400,1329,1510,2015,Oceania
Nova Zelândia,139,252,230,217,255,222,345,271,170,295,252,370,2015,Oceania
Outros,3,6,3,2,3,2,2,12,2,2,0,0,2015,Oceania
África do Sul,103,122,110,91,91,88,169,250,223,91,0,224,2016,África
Angola,1310,826,709,448,459,319,408,410,401,361,0,441,2016,África
Cabo Verde,11,5,14,5,10,15,19,18,4,7,0,14,2016,África
Egito,40,110,135,60,48,22,106,265,132,74,0,36,2016,África
Gana,1,4,5,26,7,4,12,21,4,22,0,0,2016,África
Marrocos,114,117,88,60,216,62,462,436,240,235,0,224,2016,África
Moçambique,21,11,0,1,3,10,25,3,14,11,0,15,2016,África
Nigéria,15,18,15,15,33,11,37,52,102,59,0,11,2016,África
Quênia,4,10,10,26,16,19,144,202,100,27,0,1,2016,África
Tunísia,165,95,38,32,44,25,181,225,73,52,0,45,2016,África
Costa Rica,247,121,279,225,221,229,253,245,161,192,0,297,2016,América Central e Caribe
Cuba,71,56,95,104,136,73,339,360,148,69,0,91,2016,América Central e Caribe
El Salvador,56,63,74,96,169,81,80,118,100,65,0,81,2016,América Central e Caribe
Guatemala,66,71,148,121,128,126,132,240,104,195,0,161,2016,América Central e Caribe
Haiti,18,10,8,8,15,4,4,26,22,16,0,16,2016,América Central e Caribe
Honduras,41,37,52,45,77,49,102,103,51,77,0,38,2016,América Central e Caribe
Nicarágua,30,7,21,32,41,22,18,37,30,22,0,16,2016,América Central e Caribe
Panamá,268,278,298,220,198,148,110,220,139,183,0,231,2016,América Central e Caribe
República Dominicana,49,41,100,85,159,87,77,194,76,135,0,48,2016,América Central e Caribe
Trinidad e Tobago,19,32,15,27,34,19,27,154,34,25,0,23,2016,América Central e Caribe
Canadá,2007,2322,2045,1357,1237,1377,2369,5081,1799,577,0,828,2016,América do Norte
Estados Unidos,14901,20743,19598,13716,13837,21029,23419,46311,14239,9422,0,13925,2016,América do Norte
México,783,943,1169,844,1090,1257,1481,2012,826,1169,0,1016,2016,América do Norte
Argentina,41227,36030,31692,23558,22868,21157,32639,25573,28350,32682,0,40214,2016,América do Sul
Bolívia,69,69,99,66,51,58,102,59,73,84,0,96,2016,América do Sul
Chile,13024,14916,8571,6919,7438,8346,11117,6718,9799,11784,0,10228,2016,América do Sul
Colômbia,2280,1906,3030,1758,1896,2551,2430,2327,1818,2072,0,2724,2016,América do Sul
Equador,245,324,601,537,471,378,422,385,429,488,0,349,2016,América do Sul
Guiana,0,4,4,5,1,3,3,18,4,0,0,3,2016,América do Sul
Guiana Francesa,0,0,0,0,0,0,0,0,0,0,0,0,2016,América do Sul
Paraguai,514,326,392,264,366,396,378,216,245,258,0,383,2016,América do Sul
Peru,958,1301,1689,1099,1410,1135,1227,1050,988,1185,0,1072,2016,América do Sul
Suriname,1,0,3,8,4,1,0,5,18,8,0,5,2016,América do Sul
Uruguai,4287,4010,5939,2468,2399,2660,2924,2891,4731,4012,0,2395,2016,América do Sul
Venezuela,654,616,760,515,526,427,540,721,513,423,0,484,2016,América do Sul
Arábia Saudita,21,33,47,37,26,5,55,100,40,27,0,11,2016,Ásia
Bangladesh,3,4,12,4,5,12,22,41,8,26,0,3,2016,Ásia
China,601,1164,911,678,776,687,2685,3607,1084,871,0,584,2016,Ásia
"China, Hong Kong",60,356,110,60,74,80,125,154,96,55,0,81,2016,Ásia
Cingapura,114,76,60,125,104,66,110,159,100,85,0,60,2016,Ásia
Filipinas,96,158,187,88,125,109,173,264,131,118,0,87,2016,Ásia
Índia,206,390,213,272,269,308,385,572,326,345,0,208,2016,Ásia
Indonésia,15,22,47,26,38,25,71,140,55,69,0,41,2016,Ásia
Irã,10,155,120,44,47,38,125,133,421,114,0,23,2016,Ásia
Israel,973,1384,443,521,437,294,510,864,735,499,0,649,2016,Ásia
Japão,600,1448,765,806,768,833,3435,9001,3381,584,0,401,2016,Ásia
Líbano,44,70,62,18,27,56,71,59,44,51,0,98,2016,Ásia
Malásia,54,98,85,115,52,76,180,458,158,96,0,93,2016,Ásia
Paquistão,8,19,44,21,15,7,155,56,22,30,0,14,2016,Ásia
República da Coreia,286,390,363,250,254,289,1072,1281,451,172,0,261,2016,Ásia
Síria,15,7,5,5,3,8,12,15,10,26,0,11,2016,Ásia
Tailândia,26,95,74,93,60,63,180,463,110,91,0,65,2016,Ásia
Taiwan,56,308,206,80,63,34,220,306,74,115,0,87,2016,Ásia
Alemanha,4670,5169,7143,3884,3456,2586,5222,7800,5013,4855,0,4215,2016,Europa
Áustria,551,642,738,368,374,302,867,834,555,528,0,591,2016,Europa
Bélgica,825,747,1111,779,484,484,1500,1655,1045,892,0,745,2016,Europa
Bulgária,121,172,110,143,63,59,109,290,81,107,0,113,2016,Europa
Croácia,104,133,98,76,63,40,232,394,126,87,0,85,2016,Europa
Dinamarca,710,859,828,437,363,472,824,1794,584,482,0,627,2016,Europa
Eslováquia,74,126,98,89,62,95,162,390,191,107,0,41,2016,Europa
Eslovênia,71,84,84,67,77,52,128,283,111,82,0,30,2016,Europa
Espanha,2521,2548,3160,2130,1917,2121,3770,4109,3082,2455,0,2733,2016,Europa
Estônia,58,92,66,88,37,43,107,179,29,52,0,26,2016,Europa
Finlândia,427,471,300,221,165,176,432,969,308,247,0,180,2016,Europa
França,6791,11939,6709,8670,5361,3996,7518,8498,5191,6937,0,7207,2016,Europa
Grécia,182,264,224,245,196,150,446,603,234,156,0,224,2016,Europa
Holanda,1697,1589,1454,1989,1284,1130,3291,5331,2267,1675,0,1352,2016,Europa
Hungria,245,283,166,199,95,142,486,1187,224,111,0,118,2016,Europa
Irlanda,445,478,427,286,294,295,635,956,526,436,0,330,2016,Europa
Itália,5245,4602,4156,2864,2059,2761,3535,4235,2979,2867,0,5832,2016,Europa
Letônia,51,70,126,38,38,26,59,231,44,37,0,29,2016,Europa
Lituânia,98,52,139,55,65,76,102,438,85,45,0,51,2016,Europa
Luxemburgo,29,27,89,36,29,21,44,129,44,71,0,37,2016,Europa
Noruega,688,1064,1054,581,357,664,738,1006,816,800,0,797,2016,Europa
Polônia,765,1072,743,499,449,379,738,1176,642,664,0,467,2016,Europa
Portugal,4573,4704,5668,3492,2503,2622,2505,2672,2872,3409,0,5364,2016,Europa
Reino Unido,8477,9265,8452,5356,4491,4014,8822,12959,7323,4992,0,4627,2016,Europa
República Tcheca,238,301,273,243,147,121,421,834,258,155,0,111,2016,Europa
Romênia,257,326,183,220,135,115,298,311,173,214,0,190,2016,Europa
Rússia,1051,987,699,787,529,425,1429,2072,393,521,0,682,2016,Europa
Sérvia,110,118,73,84,52,78,216,499,139,85,0,54,2016,Europa
Suécia,1387,1209,1117,565,558,664,1033,1602,694,912,0,1259,2016,Europa
Suíça,1421,1523,1183,1376,996,811,2074,2123,1143,1450,0,1901,2016,Europa
Turquia,345,294,257,128,170,106,153,353,371,146,0,181,2016,Europa
Ucrânia,278,349,183,187,136,104,375,704,312,162,0,219,2016,Europa
Austrália,1185,1545,921,1061,930,955,2171,5001,2107,918,0,911,2016,Oceania
Nova Zelândia,219,383,217,238,219,290,814,1912,859,240,0,249,2016,Oceania
África do Sul,278,285,241,216,167,136,201,186,190,216,240,294,2017,África
Angola,743,762,645,577,446,365,538,497,509,578,642,786,2017,África
Cabo Verde,39,40,34,30,23,19,28,26,27,30,34,41,2017,África
Egito,54,55,47,42,32,26,39,36,37,42,47,57,2017,África
Gana,18,18,15,14,0,9,13,0,12,14,15,19,2017,África
Marrocos,347,356,301,270,208,171,252,232,238,270,300,367,2017,África
Moçambique,44,45,38,34,26,21,32,29,30,34,38,46,2017,África
Nigéria,19,19,16,14,11,9,13,12,13,14,16,20,2017,África
Quênia,34,35,30,27,21,17,25,23,23,27,30,36,2017,África
Tunísia,69,71,60,54,42,34,50,46,47,54,60,73,2017,África
Costa Rica,302,309,262,234,181,148,219,202,207,235,260,319,2017,América Central e Caribe
Cuba,81,83,70,63,48,40,59,54,55,63,70,86,2017,América Central e Caribe
El Salvador,85,87,74,66,51,42,62,57,58,66,73,90,2017,América Central e Caribe
Guatemala,150,154,130,117,90,74,109,101,103,117,130,159,2017,América Central e Caribe
Haiti,25,26,22,20,15,12,18,17,17,20,22,27,2017,América Central e Caribe
Honduras,62,63,54,48,37,30,45,41,42,48,53,65,2017,América Central e Caribe
Nicarágua,24,25,21,19,15,12,18,16,17,19,21,26,2017,América Central e Caribe
Panamá,384,394,333,298,230,189,278,257,263,299,332,406,2017,América Central e Caribe
República Dominicana,64,65,55,50,38,31,46,43,44,50,55,67,2017,América Central e Caribe
Trinidad e Tobago,24,25,21,19,15,12,18,16,17,19,21,26,2017,América Central e Caribe
Canadá,853,875,740,662,512,419,618,571,585,664,737,902,2017,América do Norte
Estados Unidos,13937,14287,12085,10812,8357,6841,10095,9326,9550,10847,12034,14742,2017,América do Norte
México,1384,1419,1200,1074,830,679,1002,926,948,1077,1195,1464,2017,América do Norte
Argentina,45727,46875,39652,35476,27420,22446,33121,30598,31335,35587,39484,48367,2017,América do Sul
Bolívia,97,100,84,75,58,48,70,65,67,76,84,103,2017,América do Sul
Chile,13224,13556,11467,10259,7930,6491,9578,8849,9062,10291,11418,13987,2017,América do Sul
Colômbia,3530,3618,3061,2738,2117,1733,2557,2362,2419,2747,3048,3734,2017,América do Sul
Equador,680,697,589,527,408,334,492,455,466,529,587,719,2017,América do Sul
Guiana,9,10,8,7,6,5,7,6,6,7,8,10,2017,América do Sul
Guiana Francesa,0,0,0,0,0,0,1,0,0,0,0,0,2017,América do Sul
Paraguai,412,423,357,320,247,202,299,276,282,321,356,436,2017,América do Sul
Peru,1589,1629,1378,1233,953,780,1151,1063,1089,1237,1372,1681,2017,América do Sul
Suriname,7,7,0,6,4,3,5,0,5,6,6,7,2017,América do Sul
Uruguai,4211,4316,3651,3267,2525,2067,3050,2818,2885,3277,3636,4454,2017,América do Sul
Venezuela,476,488,413,369,285,234,345,319,326,371,411,504,2017,América do Sul
Arábia Saudita,28,29,25,22,17,14,21,19,19,22,24,30,2017,Ásia
Bangladesh,12,13,11,10,7,6,9,8,9,10,11,13,2017,Ásia
China,1197,1227,1038,929,718,588,867,801,820,932,1034,1266,2017,Ásia
"China, Hong Kong",87,89,76,68,52,43,63,58,60,68,75,92,2017,Ásia
Cingapura,160,164,138,124,96,78,116,107,109,124,138,169,2017,Ásia
Filipinas,180,184,156,139,108,88,130,120,123,140,155,190,2017,Ásia
Índia,387,396,335,300,232,190,280,259,265,301,334,409,2017,Ásia
Indonésia,52,53,45,40,31,26,38,35,36,40,45,55,2017,Ásia
Irã,89,91,77,69,53,44,64,59,61,69,77,94,2017,Ásia
Israel,788,808,684,612,473,387,571,528,540,614,681,834,2017,Ásia
Japão,896,918,777,695,537,440,649,599,614,697,773,947,2017,Ásia
Líbano,55,56,48,43,33,27,40,37,38,43,47,58,2017,Ásia
Malásia,158,162,137,123,95,78,115,106,109,123,137,168,2017,Ásia
Paquistão,32,32,27,25,19,16,23,21,22,25,27,33,2017,Ásia
República da Coreia,373,382,323,289,224,183,270,250,256,290,322,394,2017,Ásia
Síria,20,21,18,16,12,10,15,14,14,16,18,21,2017,Ásia
Tailândia,72,74,62,56,43,35,52,48,49,56,62,76,2017,Ásia
Taiwan,95,97,82,74,57,47,69,63,65,74,82,100,2017,Ásia
Alemanha,5325,5459,4617,4131,3193,2614,3857,3563,3649,4144,4598,5632,2017,Europa
Áustria,718,737,623,557,431,353,520,481,492,559,620,760,2017,Europa
Bélgica,727,745,630,564,436,357,526,486,498,565,627,769,2017,Europa
Bulgária,88,91,77,69,53,43,64,59,61,69,76,94,2017,Europa
Croácia,112,115,97,87,67,55,81,75,77,87,97,119,2017,Europa
Dinamarca,638,654,553,495,383,313,462,427,437,497,551,675,2017,Europa
Eslováquia,79,81,68,61,47,39,57,53,54,61,68,83,2017,Europa
Eslovênia,61,63,53,47,37,30,44,41,42,48,53,65,2017,Europa
Espanha,2955,3029,2562,2293,1772,1451,2140,1977,2025,2300,2552,3126,2017,Europa
Estônia,35,36,30,27,21,17,25,23,24,27,30,37,2017,Europa
Finlândia,229,235,199,178,138,113,166,153,157,178,198,243,2017,Europa
França,8221,8427,7128,6378,4930,4035,5954,5501,5633,6398,7098,8695,2017,Europa
Grécia,173,178,150,135,104,85,126,116,119,135,150,183,2017,Europa
Holanda,1778,1823,1542,1380,1066,873,1288,1190,1219,1384,1536,1881,2017,Europa
Hungria,113,116,98,88,68,55,82,76,77,88,98,120,2017,Europa
Irlanda,410,420,355,318,246,201,297,274,281,319,354,433,2017,Europa
Itália,3882,3979,3366,3012,2328,1906,2812,2598,2660,3021,3352,4106,2017,Europa
Letônia,40,41,35,31,24,20,29,27,28,31,35,42,2017,Europa
Lituânia,62,63,54,48,37,30,45,41,42,48,53,65,2017,Europa
Luxemburgo,76,78,66,59,45,37,55,51,52,59,65,80,2017,Europa
Noruega,856,877,742,664,513,420,620,572,586,666,739,905,2017,Europa
Polônia,1025,1050,888,795,614,503,742,686,702,797,885,1084,2017,Europa
Portugal,4348,4457,3770,3373,2607,2134,3149,2909,2979,3384,3754,4599,2017,Europa
Reino Unido,7184,7365,6230,5574,4308,3527,5204,4807,4923,5591,6203,7599,2017,Europa
República Tcheca,163,167,141,126,98,80,118,109,112,127,141,172,2017,Europa
Romênia,208,213,180,161,125,102,151,139,143,162,180,220,2017,Europa
Rússia,760,780,659,590,456,373,551,509,521,592,657,804,2017,Europa
Sérvia,71,73,61,55,43,35,51,47,49,55,61,75,2017,Europa
Suécia,820,841,711,636,492,403,594,549,562,638,708,868,2017,Europa
Suíça,1645,1686,1426,1276,986,807,1191,1101,1127,1280,1420,1740,2017,Europa
Turquia,276,283,240,214,166,136,200,185,189,215,239,292,2017,Europa
Ucrânia,170,174,148,132,102,84,123,114,117,132,147,180,2017,Europa
Austrália,1184,1214,1027,919,710,581,858,792,811,922,1022,1252,2017,Oceania
Nova Zelândia,256,263,222,199,154,126,186,172,176,200,221,271,2017,Oceania
África do Sul,188,219,284,258,150,169,108,134,161,192,222,575,2018,África
Angola,254,314,394,243,299,203,207,450,269,172,219,187,2018,África
Cabo Verde,3,14,1,1,5,2,12,11,8,13,5,24,2018,África
Egito,41,71,57,40,25,19,74,39,41,61,31,42,2018,África
Gana,3,12,13,3,4,8,5,2,4,13,5,3,2018,África
Marrocos,201,305,276,259,91,86,165,549,178,186,167,334,2018,África
Moçambique,85,75,29,43,21,23,18,11,32,97,91,97,2018,África
Nigéria,4,6,19,11,10,92,27,14,16,119,13,16,2018,África
Quênia,2,8,26,6,9,4,8,1,4,60,28,19,2018,África
Tunísia,30,90,90,50,29,38,44,51,73,80,70,61,2018,África
Costa Rica,249,140,254,231,151,138,186,200,208,344,337,395,2018,América Central e Caribe
Cuba,32,32,69,34,45,39,70,65,42,44,74,66,2018,América Central e Caribe
El Salvador,37,43,115,42,56,49,58,78,77,135,104,81,2018,América Central e Caribe
Guatemala,79,106,236,84,125,123,45,89,171,208,197,244,2018,América Central e Caribe
Haiti,14,16,10,17,8,22,14,34,36,26,21,34,2018,América Central e Caribe
Honduras,32,45,39,25,29,18,31,32,68,165,58,82,2018,América Central e Caribe
Nicarágua,12,13,25,29,17,29,8,14,41,31,34,28,2018,América Central e Caribe
Panamá,192,155,192,138,135,132,114,174,273,250,470,232,2018,América Central e Caribe
República Dominicana,22,31,51,34,23,39,41,76,72,528,92,47,2018,América Central e Caribe
Trinidad e Tobago,13,17,12,13,19,23,30,23,65,19,31,16,2018,América Central e Caribe
Canadá,737,854,761,499,436,366,1042,1608,1182,676,728,1256,2018,América do Norte
Estados Unidos,6565,11312,11991,8175,8683,7856,9873,11891,8638,8233,9589,14932,2018,América do Norte
México,578,1089,1502,887,834,715,1053,852,820,983,940,961,2018,América do Norte
Argentina,65789,49135,52422,35576,19619,14534,27619,23575,27936,27103,29587,44710,2018,América do Sul
Bolívia,117,82,69,66,92,67,269,111,160,109,109,164,2018,América do Sul
Chile,19444,19946,11223,9339,9217,7864,12358,10156,12412,13548,12717,15681,2018,América do Sul
Colômbia,1676,1653,3421,2026,2499,3457,2329,3078,3485,4401,4148,4098,2018,América do Sul
Equador,184,449,534,453,538,430,387,1061,782,1027,676,479,2018,América do Sul
Guiana,4,6,2,6,4,3,6,2,31,12,5,6,2018,América do Sul
Guiana Francesa,0,0,0,0,0,0,0,0,0,0,0,0,2018,América do Sul
Paraguai,745,550,509,259,501,287,301,402,298,276,254,580,2018,América do Sul
Peru,1689,2011,2619,1818,1968,1547,1803,2225,1806,2260,2120,2316,2018,América do Sul
Suriname,2,0,2,3,2,0,3,5,1,3,0,4,2018,América do Sul
Uruguai,3110,2696,4403,2189,1776,1479,2152,2522,3859,3313,2581,2550,2018,América do Sul
Venezuela,230,345,460,395,414,384,379,469,590,441,583,760,2018,América do Sul
Arábia Saudita,11,17,11,19,6,21,46,48,83,31,71,37,2018,Ásia
Bangladesh,2,1,40,3,3,16,39,29,14,48,9,5,2018,Ásia
China,443,609,736,469,583,586,725,1069,656,559,1020,743,2018,Ásia
"China, Hong Kong",69,351,89,31,36,28,97,56,69,31,55,126,2018,Ásia
Cingapura,34,29,66,74,50,61,79,84,436,128,164,115,2018,Ásia
Filipinas,42,42,75,97,123,103,131,99,118,190,83,70,2018,Ásia
Índia,153,253,301,270,267,188,394,312,245,702,325,268,2018,Ásia
Indonésia,31,24,34,21,10,44,64,16,34,114,60,34,2018,Ásia
Irã,9,32,101,6,10,21,31,34,14,10,29,16,2018,Ásia
Israel,1702,2969,1297,439,415,323,299,325,722,672,830,996,2018,Ásia
Japão,247,515,349,385,309,476,486,611,376,224,287,376,2018,Ásia
Líbano,84,117,97,18,36,28,26,39,23,23,32,34,2018,Ásia
Malásia,51,67,103,121,96,78,84,160,221,127,149,101,2018,Ásia
Paquistão,34,21,17,5,15,19,15,34,12,164,41,9,2018,Ásia
República da Coreia,318,221,319,178,182,173,222,206,168,261,370,291,2018,Ásia
Síria,12,15,16,11,6,9,8,13,6,4,12,5,2018,Ásia
Tailândia,22,80,106,97,91,26,37,156,67,109,37,64,2018,Ásia
Taiwan,73,165,117,49,31,41,70,48,39,83,87,50,2018,Ásia
Alemanha,3877,5055,7282,3092,2811,2345,3233,3375,3735,4078,4486,5448,2018,Europa
Áustria,457,499,618,353,340,290,426,324,356,701,733,859,2018,Europa
Bélgica,437,617,602,478,296,407,941,547,574,549,560,601,2018,Europa
Bulgária,113,117,150,69,43,30,30,69,49,53,92,88,2018,Europa
Croácia,68,53,54,32,32,35,35,37,44,49,89,102,2018,Europa
Dinamarca,425,549,404,271,167,205,489,219,242,381,332,510,2018,Europa
Eslováquia,81,79,127,55,21,50,26,32,97,71,164,62,2018,Europa
Eslovênia,94,37,44,19,17,19,36,14,55,42,71,99,2018,Europa
Espanha,1450,1715,2099,1821,1388,1440,1635,2153,1538,1589,2083,2469,2018,Europa
Estônia,44,94,47,26,17,6,16,14,14,44,70,39,2018,Europa
Finlândia,186,195,167,102,92,76,228,153,117,192,304,362,2018,Europa
França,4794,8186,6307,6014,4378,3151,6052,7380,4231,6043,6148,6966,2018,Europa
Grécia,94,125,146,74,76,78,120,116,115,144,153,252,2018,Europa
Holanda,1046,1274,1154,1259,918,879,1575,1042,998,1132,1247,1463,2018,Europa
Hungria,130,178,191,54,37,65,92,134,56,148,89,130,2018,Europa
Irlanda,403,602,548,457,313,416,518,470,511,356,472,587,2018,Europa
Itália,3748,3341,3540,2324,1532,1751,2559,5029,2401,2449,3457,5793,2018,Europa
Letônia,17,18,23,14,17,8,15,9,21,43,84,29,2018,Europa
Lituânia,48,48,61,41,28,36,25,19,47,97,50,55,2018,Europa
Luxemburgo,11,35,25,44,11,6,41,15,17,15,24,55,2018,Europa
Noruega,620,792,876,406,298,466,329,331,445,637,723,815,2018,Europa
Polônia,1470,1487,923,394,227,259,390,432,453,393,1256,779,2018,Europa
Portugal,2384,2992,3472,2144,1596,1175,1696,2020,1681,2137,2857,4400,2018,Europa
Reino Unido,3638,5479,4260,2730,2120,2212,2345,2788,2737,3462,3520,3694,2018,Europa
República Tcheca,131,219,235,128,58,68,71,80,140,238,292,127,2018,Europa
Romênia,116,233,177,108,103,92,76,97,100,223,377,261,2018,Europa
Rússia,716,1015,760,418,280,237,309,418,479,587,832,901,2018,Europa
Sérvia,80,81,45,36,35,56,68,39,60,47,74,90,2018,Europa
Suécia,1093,1151,870,324,248,368,484,357,470,662,690,1373,2018,Europa
Suíça,1296,1514,1685,1211,1080,649,1185,715,754,1229,1260,2250,2018,Europa
Turquia,221,238,92,78,76,56,180,197,109,97,232,209,2018,Europa
Ucrânia,142,220,177,116,90,87,81,107,90,133,194,254,2018,Europa
Austrália,863,1392,939,889,860,619,777,697,982,991,811,1221,2018,Oceania
Nova Zelândia,232,314,316,153,134,128,155,139,195,225,215,253,2018,Oceania
África do Sul,394,442,854,240,109,195,103,98,157,188,93,256,2019,África
Angola,371,221,282,240,206,154,205,311,234,198,6,12,2019,África
Cabo Verde,6,14,12,5,2,3,1,2,3,5,3,17,2019,África
Egito,29,43,75,48,52,52,61,58,12,28,31,90,2019,África
Gana,1,3,2,3,2,5,22,3,8,1,8,7,2019,África
Marrocos,240,315,300,241,63,182,208,384,158,121,172,246,2019,África
Moçambique,368,252,128,42,33,24,41,52,54,12,2,3,2019,África
Nigéria,39,9,59,35,26,14,18,9,40,22,27,15,2019,África
Quênia,2,9,11,2,8,18,2,5,12,11,6,6,2019,África
Tunísia,37,61,242,68,27,45,55,60,30,17,53,107,2019,África
Costa Rica,197,115,167,239,115,93,129,160,165,176,181,176,2019,América Central e Caribe
Cuba,37,20,35,48,34,31,52,29,36,25,32,48,2019,América Central e Caribe
El Salvador,29,51,43,54,35,70,46,48,77,44,53,47,2019,América Central e Caribe
Guatemala,67,70,83,123,44,96,142,73,87,66,173,142,2019,América Central e Caribe
Haiti,3,7,11,5,12,11,20,10,17,11,8,17,2019,América Central e Caribe
Honduras,26,32,45,40,19,41,47,35,67,41,57,53,2019,América Central e Caribe
Nicarágua,4,9,59,29,7,20,24,29,19,14,27,23,2019,América Central e Caribe
Panamá,138,198,331,134,114,126,156,263,270,195,405,116,2019,América Central e Caribe
República Dominicana,21,13,51,59,25,47,62,80,78,29,33,38,2019,América Central e Caribe
Trinidad e Tobago,10,17,20,40,17,11,6,22,20,22,9,16,2019,América Central e Caribe
Canadá,1209,1496,1633,722,553,503,1073,1391,1848,1005,927,1164,2019,América do Norte
Estados Unidos,8882,10285,14123,7313,7843,9219,8922,9620,8236,9452,9756,13333,2019,América do Norte
México,479,630,964,872,802,706,724,693,660,608,476,507,2019,América do Norte
Argentina,51022,44972,47236,27788,20291,18614,24658,22450,23317,25085,27249,34360,2019,América do Sul
Bolívia,132,95,138,72,78,122,155,84,193,168,69,634,2019,América do Sul
Chile,19037,21203,13301,8811,10116,12553,10734,9885,12720,12516,9742,13123,2019,América do Sul
Colômbia,2288,1882,2196,2028,1775,4643,1757,2293,2519,2538,2489,2599,2019,América do Sul
Equador,264,381,814,560,353,407,417,669,553,658,411,263,2019,América do Sul
Guiana,5,5,10,7,4,11,4,3,6,0,5,1,2019,América do Sul
Guiana Francesa,0,0,0,0,0,0,0,0,0,0,0,0,2019,América do Sul
Paraguai,1525,708,281,214,154,263,197,187,209,165,124,330,2019,América do Sul
Peru,1947,2134,1923,1759,1456,3663,3240,2213,1814,1958,1488,1555,2019,América do Sul
Suriname,0,4,0,0,1,5,2,3,0,0,1,0,2019,América do Sul
Uruguai,3418,4050,3159,4300,2064,2438,2089,2533,3215,1752,1673,2415,2019,América do Sul
Venezuela,568,520,830,471,483,490,331,502,579,708,612,871,2019,América do Sul
Arábia Saudita,26,44,78,15,20,26,65,33,57,31,15,32,2019,Ásia
Bangladesh,4,1,7,15,7,1,5,27,6,10,5,16,2019,Ásia
China,600,537,905,630,1095,831,646,700,781,532,720,597,2019,Ásia
"China, Hong Kong",96,79,217,42,35,40,40,14,30,25,27,49,2019,Ásia
Cingapura,47,58,126,49,109,60,48,64,63,135,120,109,2019,Ásia
Filipinas,73,60,243,92,103,149,141,78,130,134,82,88,2019,Ásia
Índia,211,192,439,246,498,236,403,541,271,194,263,288,2019,Ásia
Indonésia,37,18,34,29,54,90,46,48,58,136,144,100,2019,Ásia
Irã,7,12,22,8,25,10,8,9,8,13,16,18,2019,Ásia
Israel,847,1856,1610,484,516,214,353,299,632,605,552,504,2019,Ásia
Japão,243,389,411,324,303,337,325,580,300,242,288,332,2019,Ásia
Líbano,29,31,78,48,16,32,44,25,19,39,41,78,2019,Ásia
Malásia,72,99,139,128,125,52,62,89,133,80,91,80,2019,Ásia
Paquistão,43,9,27,14,11,82,11,7,16,19,12,18,2019,Ásia
República da Coreia,446,608,655,324,281,185,306,169,329,357,228,385,2019,Ásia
Síria,7,10,14,11,6,6,8,2,7,5,16,11,2019,Ásia
Tailândia,32,45,77,86,30,27,86,108,58,43,54,23,2019,Ásia
Taiwan,41,56,228,20,80,26,27,33,34,60,78,58,2019,Ásia
Alemanha,3391,4787,5741,3729,2316,2304,3060,2848,3541,3972,3754,4384,2019,Europa
Áustria,425,593,568,306,287,218,475,354,289,401,513,581,2019,Europa
Bélgica,443,529,593,564,298,409,1033,493,538,395,494,499,2019,Europa
Bulgária,68,122,157,60,43,67,29,40,50,65,162,212,2019,Europa
Croácia,72,50,72,177,195,120,37,42,38,30,79,82,2019,Europa
Dinamarca,372,491,407,449,254,268,583,304,363,472,457,623,2019,Europa
Eslováquia,83,120,78,84,38,41,67,37,47,54,210,82,2019,Europa
Eslovênia,30,67,53,23,16,19,30,24,24,40,49,42,2019,Europa
Espanha,1553,1574,1710,1862,1356,1212,1734,2380,1467,1570,2117,2124,2019,Europa
Estônia,60,150,51,26,15,22,16,7,20,22,77,48,2019,Europa
Finlândia,204,326,195,87,83,107,66,79,104,118,222,232,2019,Europa
França,4848,9945,7584,6167,4347,2942,6683,7722,3484,6120,5695,6107,2019,Europa
Grécia,102,234,181,198,182,164,80,175,105,63,148,283,2019,Europa
Holanda,952,1015,971,949,802,688,1931,879,872,1612,1356,1917,2019,Europa
Hungria,315,570,414,136,136,128,77,120,95,162,153,176,2019,Europa
Irlanda,803,806,946,589,390,709,401,459,465,550,479,543,2019,Europa
Itália,3266,3382,2939,3367,1875,1769,2178,5304,1770,1902,2644,4982,2019,Europa
Letônia,33,87,61,49,29,21,12,18,30,52,60,57,2019,Europa
Lituânia,58,78,101,69,59,36,43,46,47,55,95,73,2019,Europa
Luxemburgo,14,64,34,36,45,20,20,47,28,27,33,72,2019,Europa
Noruega,451,606,549,714,349,575,731,425,507,652,763,789,2019,Europa
Polônia,798,1233,963,559,402,378,365,467,691,507,1163,516,2019,Europa
Portugal,2706,3266,3494,3319,1984,1706,1703,2654,2466,1936,2534,3909,2019,Europa
Reino Unido,3499,4760,5305,4557,3242,2840,3415,3832,4008,4066,4442,4251,2019,Europa
República Tcheca,260,370,422,216,110,120,103,97,115,236,479,245,2019,Europa
Romênia,290,342,398,218,185,121,61,111,156,303,379,363,2019,Europa
Rússia,816,1062,1340,767,562,385,275,325,475,789,1487,1241,2019,Europa
Sérvia,72,96,86,58,78,38,27,63,31,60,184,176,2019,Europa
Suécia,875,1041,801,603,309,603,657,297,463,520,651,997,2019,Europa
Suíça,1133,1213,1178,1185,554,577,1495,797,912,1106,1132,1803,2019,Europa
Turquia,115,110,156,93,114,103,62,63,63,90,75,153,2019,Europa
Ucrânia,238,260,273,155,98,143,86,79,89,133,223,261,2019,Europa
Austrália,1706,1598,1958,650,573,740,768,838,1180,945,718,1255,2019,Oceania
Nova Zelândia,81,98,140,190,145,136,153,151,211,121,152,156,2019,Oceania
